<?xml version="1.0" encoding="UTF-8" standalone="yes"?>
<addon id="plugin.video.beast" name="The Beast Wizard" version="1.5.2" provider-name="Wizard">
	<requires>
		<import addon="xbmc.python" version="2.1.0"/>
	</requires>
	<extension point="xbmc.python.pluginsource" library="addon.py">
		<provides>video executable</provides>
	</extension>
	<extension point="xbmc.addon.metadata">
		<summary>Beast Wizard</summary>
		<description>To signup up please go to http://thebeastkodi.com</description>
		<disclaimer></disclaimer>
		<platform>all</platform>
		<language>en</language>
		<license>Commercial</license>
		<forum></forum>
		<website>http://thebeastkodi.com</website>
		<source></source>
		<email></email>
	</extension>
</addon>